id,producto,direccion,localidad,recibe
4,televisor,76622 Ohio Road,Lomas,Ole
5,secarropas,53862 Northport Lane,Avellaneda,Randee
6,mesa,24120 Artisan Lane,Quilmes,Lauritz
7,pava,0348 Butternut Junction,Avellaneda,Chandal
8,pava,81473 Lukken Street,Avellaneda,Tobye
11,plancha,056 Loomis Lane,Avellaneda,Davida
15,cocina,25945 Clove Center,Lomas,Kelvin
17,televisor,652 Sugar Street,Quilmes,Ferdie
18,televisor,3160 Redwing Parkway,Lomas,Elyssa
19,silla,36 Meadow Ridge Parkway,Quilmes,Gus
22,televisor,4 Golf Course Alley,Quilmes,Merilyn
24,plancha,94349 Havey Drive,Avellaneda,Terrye
26,mesa,37 Gulseth Crossing,Lomas,Jared
28,televisor,8274 Hayes Alley,Lomas,Arlette
31,mesa,178 Lien Place,Quilmes,Dwain
32,mesa,95 Tennessee Point,Quilmes,Pauli
33,pava,7 Glendale Alley,Lomas,Ellis
34,mesa,1 Ronald Regan Street,Avellaneda,Carlie
37,sillon,135 Bobwhite Street,Lomas,Kore
39,televisor,8 Larry Plaza,Avellaneda,Inesita
42,televisor,62447 Kipling Parkway,Lomas,Sinclare
43,aire acondicionado,8180 Scoville Street,Quilmes,Laird
45,silla,0130 Mccormick Park,Avellaneda,Stefanie
46,lavarropas,29 Crownhardt Trail,Quilmes,Ferdinande
48,cocina,49466 Garrison Court,Lomas,Averil
49,secarropas,5514 Dayton Way,Quilmes,Catherina
50,plancha,3421 Judy Lane,Quilmes,Rubetta
51,mesa,5453 Mockingbird Trail,Avellaneda,Dolli
52,aire acondicionado,02037 Heffernan Street,Quilmes,Corney
55,sillon,21 Eastlawn Street,Quilmes,Leta
59,sillon,185 Stephen Place,Lomas,Solomon
60,cocina,1953 Pankratz Road,Quilmes,Minny
61,pava,524 Clemons Plaza,Lomas,Rayshell
62,pava,94 Moulton Way,Quilmes,Boycey
64,lavarropas,10903 Packers Plaza,Quilmes,Linnell
65,televisor,085 Oxford Alley,Lomas,Jesus
66,cocina,1 Quincy Junction,Quilmes,Drona
68,silla,4114 Mallard Crossing,Lomas,Kessiah
69,mesa,511 Loomis Center,Quilmes,Odo
70,mesa,7 Corscot Alley,Avellaneda,Sibeal
72,secarropas,43427 3rd Hill,Lomas,Rosemaria
75,cocina,538 Clyde Gallagher Avenue,Quilmes,Taryn
77,televisor,3375 Bartelt Pass,Avellaneda,Murray
78,aire acondicionado,65489 Muir Terrace,Lomas,Cleveland
79,sillon,0 Hanover Park,Quilmes,Clementine
83,silla,13 Oneill Park,Lomas,Ivar
85,secarropas,4748 Washington Center,Lomas,Chalmers
86,lavarropas,4 Talisman Plaza,Avellaneda,Clint
87,aire acondicionado,21008 Summit Circle,Avellaneda,Fiann
88,lavarropas,35396 Dunning Street,Lomas,Chris
91,televisor,03 Michigan Point,Avellaneda,Ellette
93,secarropas,90431 Drewry Terrace,Lomas,Cristobal
96,cocina,56 Declaration Road,Lomas,Rochette
97,lavarropas,2 Shelley Avenue,Quilmes,Tomaso
98,plancha,14303 Kings Place,Lomas,Lacee
99,lavarropas,23774 Redwing Street,Avellaneda,Michelina
102,pava,33011 Acker Drive,Lomas,Luis
103,silla,67709 Dwight Plaza,Quilmes,Nigel
105,televisor,9 Petterle Pass,Lomas,Gizela
106,televisor,253 Sundown Court,Quilmes,Flora
107,cocina,9940 Village Green Trail,Lomas,Goldie
110,silla,75 Vernon Circle,Avellaneda,Freddie
111,pava,16565 Nobel Terrace,Avellaneda,Ansley
112,televisor,5990 Old Gate Trail,Quilmes,Yancey
113,pava,739 Talisman Drive,Avellaneda,Ethel
115,televisor,7 Oriole Park,Avellaneda,Lavina
117,lavarropas,68881 Farragut Street,Lomas,Gil
118,silla,3 Dexter Junction,Avellaneda,Hilario
120,sillon,01780 Sullivan Park,Lomas,Curran
121,sillon,60750 Mandrake Crossing,Lomas,Earvin
124,aire acondicionado,7 Everett Court,Avellaneda,Balduin
126,silla,01515 Riverside Point,Quilmes,Skippie
128,aire acondicionado,686 Southridge Road,Avellaneda,Bear
129,sillon,7663 Butternut Trail,Lomas,Allison
135,plancha,641 Reindahl Plaza,Quilmes,Marcel
141,mesa,2 Summer Ridge Place,Quilmes,Ingeborg
142,plancha,9 Sheridan Circle,Avellaneda,Robb
144,sillon,4 Buena Vista Crossing,Lomas,Josselyn
146,mesa,0375 Sullivan Park,Quilmes,Merci
147,sillon,1293 Rusk Alley,Quilmes,Ilaire
149,plancha,0 Waubesa Plaza,Lomas,Ranice
150,sillon,4 Rockefeller Plaza,Lomas,Jillayne
152,mesa,60565 Corry Point,Quilmes,Karla
153,aire acondicionado,638 Gulseth Alley,Lomas,Iago
154,secarropas,19 Twin Pines Street,Lomas,Vikki
156,mesa,4925 Esch Place,Quilmes,Pet
159,aire acondicionado,9247 Superior Court,Lomas,Laurette
160,lavarropas,98331 Village Green Circle,Avellaneda,Emelia
161,secarropas,9289 Ridgeview Drive,Quilmes,Danya
163,lavarropas,7587 Anthes Crossing,Lomas,Karil
164,lavarropas,35 Hanson Circle,Lomas,Noah
165,mesa,43607 Packers Road,Lomas,Cyndi
166,plancha,29 Clarendon Plaza,Quilmes,Merwin
167,secarropas,95 Hanover Court,Quilmes,Bond
169,televisor,2811 Meadow Vale Lane,Lomas,Vick
170,aire acondicionado,58 Ryan Lane,Quilmes,Olivier
171,cocina,3 Express Terrace,Quilmes,Stanwood
172,sillon,16 Service Junction,Quilmes,Ara
173,sillon,701 Dottie Court,Avellaneda,Magnum
176,sillon,14371 Mallory Road,Quilmes,Berta
178,secarropas,60 Hoepker Terrace,Quilmes,Elliott
181,silla,54832 Hollow Ridge Trail,Avellaneda,Brig
182,cocina,6280 Veith Trail,Quilmes,Birch
183,televisor,78598 Cambridge Junction,Avellaneda,Gracia
186,sillon,7 Marcy Center,Lomas,Enrichetta
189,plancha,12 Northview Drive,Quilmes,Sibley
190,sillon,17466 Lakewood Circle,Avellaneda,Kare
193,silla,90067 Ramsey Hill,Lomas,Batsheva
195,silla,1 Forest Dale Parkway,Lomas,Paulie
196,aire acondicionado,8027 Anzinger Hill,Quilmes,Ailene
197,sillon,914 Arapahoe Plaza,Avellaneda,Haven
202,pava,73 Oakridge Parkway,Lomas,Dedie
203,sillon,8 Tony Crossing,Avellaneda,Lazar
204,pava,674 Kennedy Circle,Lomas,Baird
206,plancha,40 Veith Junction,Avellaneda,Crichton
207,aire acondicionado,3650 Lakewood Lane,Quilmes,Daisey
208,mesa,23265 Sunbrook Road,Quilmes,Linnet
209,plancha,451 Randy Circle,Lomas,Gardy
214,mesa,50 Banding Point,Avellaneda,Sara
215,plancha,2697 Forest Run Alley,Avellaneda,Romeo
216,televisor,89 Mallard Hill,Quilmes,Gabrielle
217,lavarropas,3 Randy Plaza,Lomas,Hadley
218,cocina,1 Transport Drive,Avellaneda,Nicolai
221,aire acondicionado,88 Valley Edge Road,Lomas,Gypsy
223,secarropas,1 Warner Place,Quilmes,Ame
224,pava,9651 Golf Trail,Lomas,Adolph
225,aire acondicionado,286 5th Circle,Avellaneda,Clim
226,aire acondicionado,75 Bellgrove Terrace,Avellaneda,Claudine
227,televisor,27715 Main Circle,Avellaneda,Taber
228,secarropas,44680 Emmet Plaza,Avellaneda,Redd
229,secarropas,078 Corscot Circle,Quilmes,Claus
231,pava,4 5th Circle,Quilmes,Meara
234,aire acondicionado,11428 Mesta Center,Lomas,Ransom
235,secarropas,662 Luster Point,Quilmes,Maury
236,mesa,5 Meadow Ridge Trail,Lomas,Cristal
237,aire acondicionado,0759 Warrior Place,Lomas,Nathanael
238,pava,86707 Pennsylvania Avenue,Lomas,Joscelin
239,mesa,6548 Bartelt Road,Avellaneda,Rodrick
240,cocina,5 Fulton Crossing,Avellaneda,Jaquith
241,pava,3 Haas Road,Lomas,Corty
242,pava,3489 Kinsman Alley,Avellaneda,Cathrine
245,mesa,98 Moulton Trail,Avellaneda,Tremaine
246,televisor,38587 American Point,Lomas,Trev
247,sillon,44404 Raven Hill,Lomas,Rouvin
249,silla,39912 Birchwood Crossing,Quilmes,Flynn
250,aire acondicionado,7 Dennis Court,Quilmes,Elsa
252,secarropas,7330 Fairview Terrace,Avellaneda,Maura
256,sillon,395 Darwin Pass,Quilmes,Nicol
257,televisor,36 Northfield Crossing,Avellaneda,Arne
262,silla,502 Forest Dale Hill,Quilmes,Nari
264,pava,8845 Almo Avenue,Quilmes,Rudyard
265,secarropas,720 Rowland Court,Lomas,Ric
266,sillon,331 Doe Crossing Park,Lomas,Di
275,plancha,6360 Westport Hill,Lomas,Corny
276,plancha,229 Oak Valley Circle,Lomas,Alla
277,aire acondicionado,139 International Place,Lomas,Esmaria
278,lavarropas,47613 Hooker Drive,Avellaneda,Emlyn
279,televisor,11039 Burrows Park,Avellaneda,Chere
282,secarropas,5 Reindahl Place,Lomas,Babb
285,mesa,3910 Commercial Trail,Lomas,Trefor
287,mesa,6532 Monica Center,Lomas,Gennifer
290,pava,09942 Washington Court,Quilmes,Yardley
294,aire acondicionado,3360 Kensington Point,Avellaneda,Meredith
295,secarropas,771 Fisk Way,Lomas,Elliot
296,plancha,25 Moland Alley,Lomas,Mady
297,silla,7997 Monterey Street,Lomas,Carolin
298,sillon,9 Boyd Court,Quilmes,Zelma
299,pava,0 South Lane,Avellaneda,Toby
300,lavarropas,4 Randy Court,Quilmes,Gwenora
302,lavarropas,462 Dayton Junction,Avellaneda,Burch
307,silla,95731 Tennessee Avenue,Avellaneda,Austin
309,plancha,839 Alpine Junction,Lomas,Dorelle
310,silla,8 Doe Crossing Plaza,Lomas,Waiter
312,sillon,08808 Farragut Crossing,Quilmes,Cherey
315,silla,7 Mesta Way,Quilmes,Gilberte
320,sillon,85753 Orin Way,Lomas,Giulietta
321,silla,11596 Continental Pass,Avellaneda,Adamo
322,pava,6 Birchwood Lane,Lomas,Kittie
324,silla,3 Buhler Court,Quilmes,Olivette
325,secarropas,655 La Follette Place,Lomas,Muffin
330,mesa,1 Manley Park,Avellaneda,Esmeralda
337,cocina,50 Hagan Place,Lomas,Sancho
339,lavarropas,9093 Scofield Avenue,Quilmes,Spencer
346,pava,18779 Moose Avenue,Avellaneda,Shayna
347,sillon,566 Oak Park,Avellaneda,Emmalynne
351,pava,58 Jenifer Park,Lomas,Adeline
353,lavarropas,1 John Wall Way,Lomas,Brigitte
361,pava,59653 Fisk Court,Quilmes,Berry
364,pava,942 David Alley,Avellaneda,Merola
368,pava,2 Delaware Road,Lomas,Zach
373,mesa,8449 Milwaukee Pass,Avellaneda,Eddie
375,pava,353 Pond Crossing,Lomas,Mandy
378,plancha,55 John Wall Drive,Avellaneda,Kimble
380,secarropas,722 Maple Plaza,Quilmes,Lorry
381,pava,0540 Valley Edge Lane,Quilmes,Griffin
384,lavarropas,66912 Golf View Terrace,Quilmes,Brynna
388,lavarropas,22 Porter Plaza,Quilmes,Rayshell
393,lavarropas,39 Fair Oaks Street,Avellaneda,Judas
394,sillon,40 Tomscot Crossing,Quilmes,Angelle
395,silla,30444 Armistice Alley,Avellaneda,Coop
397,sillon,21092 Ronald Regan Lane,Avellaneda,Stephanus
399,televisor,981 Thackeray Hill,Lomas,Zeke
400,lavarropas,9 Shelley Park,Lomas,Yule
401,aire acondicionado,50 Division Place,Lomas,Noemi
402,aire acondicionado,44 Lillian Hill,Lomas,Arabella
404,mesa,575 Lighthouse Bay Court,Avellaneda,Mead
405,cocina,27 Towne Parkway,Avellaneda,Gerda
406,pava,41 Prairie Rose Hill,Avellaneda,Katinka
410,mesa,76 Doe Crossing Hill,Quilmes,Arden
411,lavarropas,5323 2nd Center,Avellaneda,Jessi
412,aire acondicionado,440 Clemons Circle,Lomas,Ginnifer
417,mesa,561 Morningstar Crossing,Lomas,Sargent
421,mesa,2124 Forster Trail,Avellaneda,Gunther
422,cocina,0 Mendota Junction,Avellaneda,Camila
424,plancha,28765 Delladonna Court,Avellaneda,Alex
426,mesa,7 Sutherland Pass,Lomas,Audy
428,secarropas,449 David Lane,Avellaneda,Kitti
433,pava,3 Arrowood Circle,Quilmes,Aline
436,silla,5780 Fulton Court,Quilmes,Rafferty
437,televisor,24 Steensland Avenue,Avellaneda,Carlynne
444,lavarropas,2 Maryland Trail,Lomas,Tanner
446,pava,3772 Clarendon Trail,Lomas,Ralina
448,plancha,42 Dunning Parkway,Quilmes,Fenelia
449,sillon,5 Birchwood Road,Avellaneda,Blondell
452,silla,89 Becker Trail,Lomas,Rosy
453,secarropas,036 Melvin Street,Avellaneda,Sheff
455,plancha,996 Linden Circle,Avellaneda,Wanda
456,secarropas,02189 Thierer Way,Quilmes,Zack
459,mesa,5237 Del Sol Junction,Lomas,Wolf
460,televisor,829 Jana Road,Quilmes,Marlo
461,aire acondicionado,473 Mosinee Drive,Lomas,Yardley
462,sillon,510 Riverside Trail,Lomas,Mervin
463,cocina,596 Fuller Trail,Quilmes,Caddric
464,pava,69 Troy Crossing,Avellaneda,Prent
465,secarropas,4279 Vera Way,Avellaneda,Natalya
468,silla,24196 Coolidge Junction,Quilmes,Pansie
470,lavarropas,69 Comanche Circle,Avellaneda,Elysia
475,sillon,7 Lindbergh Way,Avellaneda,Cash
479,silla,231 Hayes Parkway,Avellaneda,Bendite
480,cocina,44 6th Place,Quilmes,Ethelind
485,secarropas,923 Truax Court,Avellaneda,Petra
489,secarropas,66299 Glendale Trail,Quilmes,Pamella
490,plancha,6 Kenwood Park,Avellaneda,Viviene
491,sillon,3 Gateway Lane,Lomas,Mathe
492,silla,3197 Algoma Way,Avellaneda,Hinze
493,pava,3233 Knutson Drive,Avellaneda,Sinclare
495,cocina,6954 Merry Place,Lomas,Thebault
496,cocina,47366 Emmet Circle,Lomas,Dennet
497,secarropas,0352 High Crossing Crossing,Lomas,Chryste
498,lavarropas,1025 Debra Plaza,Lomas,Rory
499,aire acondicionado,01443 Dayton Trail,Lomas,Man
500,aire acondicionado,1171 Lakewood Gardens Way,Lomas,Stephine
501,silla,4917 Cody Way,Quilmes,Arther
502,silla,22717 Rigney Way,Quilmes,Ophelia
504,aire acondicionado,53 Autumn Leaf Terrace,Quilmes,Faydra
505,cocina,45161 Caliangt Lane,Lomas,Elnar
506,televisor,98098 Heffernan Point,Avellaneda,Marybeth
507,pava,35 Gale Place,Quilmes,Beltran
508,silla,03 Holmberg Point,Quilmes,Micky
509,aire acondicionado,29823 Merchant Crossing,Avellaneda,Pebrook
510,sillon,24 Anzinger Parkway,Avellaneda,Tonie
511,lavarropas,19531 Coolidge Way,Avellaneda,Patti
513,televisor,727 Fordem Center,Avellaneda,Dorree
514,televisor,77 Ohio Alley,Avellaneda,Maryl
517,aire acondicionado,8 Jenna Trail,Lomas,Lanita
520,cocina,724 Schurz Place,Avellaneda,Madelena
524,silla,2042 Helena Pass,Quilmes,Holden
530,pava,88 Anniversary Park,Lomas,Flossie
532,cocina,649 Bellgrove Court,Avellaneda,Valery
534,televisor,449 Fremont Court,Quilmes,Fayth
535,secarropas,63 Manufacturers Crossing,Avellaneda,Boyd
537,pava,9627 Bluestem Place,Lomas,Amandy
538,silla,38710 Morrow Road,Avellaneda,Wilbur
540,lavarropas,371 Kenwood Circle,Quilmes,Ysabel
541,sillon,13 Stang Drive,Lomas,Juliann
543,mesa,349 Schiller Alley,Lomas,Derick
544,cocina,8 Alpine Park,Quilmes,Alleen
545,cocina,387 Warrior Terrace,Quilmes,Sophia
546,pava,55174 Twin Pines Parkway,Quilmes,Tedman
547,cocina,7 Petterle Circle,Lomas,Eloisa
550,televisor,4 Sachs Junction,Avellaneda,Bryan
552,televisor,4 4th Way,Avellaneda,Sawyere
557,cocina,05 Fair Oaks Pass,Quilmes,Adel
558,lavarropas,5602 Fisk Parkway,Quilmes,Hilly
560,lavarropas,69 Jana Road,Quilmes,Lyssa
561,aire acondicionado,1 Bayside Trail,Avellaneda,Anabella
562,aire acondicionado,9 Saint Paul Plaza,Lomas,Ravi
563,silla,1 Harper Park,Avellaneda,Catherin
564,cocina,628 Nevada Way,Quilmes,Troy
565,televisor,624 Katie Lane,Quilmes,Stormie
567,silla,17 Aberg Park,Lomas,Fannie
572,televisor,6672 Veith Point,Quilmes,Joice
573,sillon,28472 Roxbury Place,Avellaneda,Jill
574,secarropas,53209 Canary Street,Avellaneda,Hayward
576,pava,6 Dexter Circle,Quilmes,Trenna
578,sillon,8 Bluejay Drive,Quilmes,Chicky
579,secarropas,83140 Holy Cross Plaza,Avellaneda,Angelle
581,pava,97739 Lotheville Alley,Quilmes,Lindsy
583,plancha,72019 Hovde Park,Lomas,Simmonds
584,aire acondicionado,4 Clove Drive,Lomas,Jayme
586,pava,3 Menomonie Road,Avellaneda,Albertine
588,cocina,0043 Clyde Gallagher Point,Avellaneda,Rossy
590,televisor,07 Corry Point,Lomas,Sarina
592,plancha,9518 Eagan Junction,Avellaneda,Wash
594,televisor,35754 Westend Terrace,Lomas,Ainslie
597,pava,1 Reindahl Alley,Quilmes,Irena
598,aire acondicionado,546 Cherokee Circle,Avellaneda,Edwin
600,lavarropas,5287 Barnett Point,Lomas,Umberto
602,cocina,22 Gateway Road,Avellaneda,Marci
604,pava,55269 Meadow Valley Drive,Quilmes,Pollyanna
605,mesa,41031 Twin Pines Avenue,Quilmes,Gun
609,televisor,75054 Brentwood Hill,Avellaneda,Nedi
610,silla,4 Dennis Junction,Avellaneda,Lamar
612,cocina,281 Macpherson Lane,Lomas,Dion
613,secarropas,6 Gina Court,Avellaneda,Seymour
620,silla,7 Kim Way,Quilmes,Englebert
622,secarropas,2 Rigney Court,Lomas,Bay
625,secarropas,686 Cody Trail,Lomas,Tasha
626,cocina,41830 Corscot Crossing,Lomas,Kerianne
631,lavarropas,55883 New Castle Trail,Avellaneda,Filberte
633,silla,49 Porter Terrace,Avellaneda,Townie
635,lavarropas,15019 Helena Way,Lomas,Starr
636,mesa,318 Mendota Trail,Lomas,Giulio
642,plancha,78 Orin Drive,Quilmes,Betsey
651,secarropas,8 Havey Court,Quilmes,Betti
652,silla,1 Montana Court,Quilmes,Sayre
657,aire acondicionado,87554 Park Meadow Hill,Quilmes,Stephana
660,televisor,772 Monterey Crossing,Avellaneda,Gray
661,pava,306 Red Cloud Lane,Quilmes,Jolyn
662,cocina,4044 Jenifer Crossing,Avellaneda,Latisha
663,aire acondicionado,3 Dunning Way,Avellaneda,Gustavo
664,mesa,97 David Place,Avellaneda,Mariejeanne
665,mesa,33706 Rieder Street,Quilmes,Megan
666,televisor,943 Onsgard Crossing,Quilmes,Kathie
668,secarropas,055 Gulseth Way,Lomas,Morly
672,cocina,524 Hanson Avenue,Quilmes,Cassaundra
677,pava,143 Tennyson Pass,Quilmes,Matti
678,silla,05218 Roth Trail,Quilmes,Ulrica
682,aire acondicionado,5682 Granby Pass,Lomas,Duky
683,mesa,6 Portage Parkway,Avellaneda,Clemmie
684,sillon,88565 3rd Crossing,Lomas,Howard
687,sillon,3353 Grasskamp Place,Quilmes,Dayle
689,secarropas,190 Welch Plaza,Lomas,Gabi
690,pava,0923 Tennyson Parkway,Avellaneda,Sheilah
691,pava,8 Lyons Plaza,Quilmes,Nollie
693,lavarropas,8915 Walton Lane,Lomas,Cody
695,mesa,0 Harbort Junction,Avellaneda,Herculie
699,secarropas,39 Moland Lane,Avellaneda,Daisey
701,plancha,5 Valley Edge Place,Quilmes,Leone
704,mesa,4 Union Park,Lomas,Colas
707,lavarropas,441 Eagle Crest Place,Avellaneda,Amalee
709,mesa,6783 Homewood Drive,Lomas,Adrienne
711,silla,482 Alpine Pass,Avellaneda,Morganne
712,pava,97 Debra Point,Lomas,Fiona
713,secarropas,1 Ridgeview Road,Quilmes,Aldin
714,aire acondicionado,68 Pierstorff Road,Lomas,Marge
721,mesa,63508 2nd Trail,Quilmes,Larry
723,lavarropas,69397 Kennedy Pass,Quilmes,Jennie
726,lavarropas,1915 Hooker Point,Avellaneda,Ruddy
727,televisor,91 Derek Trail,Lomas,Datha
729,aire acondicionado,566 Portage Parkway,Avellaneda,Cleon
731,pava,27450 Reinke Point,Quilmes,Almire
736,plancha,816 7th Pass,Avellaneda,Lonnie
738,pava,6 Morningstar Junction,Lomas,Fritz
739,mesa,399 Ronald Regan Plaza,Avellaneda,Nikita
741,pava,9592 Scofield Pass,Avellaneda,Claribel
742,cocina,41892 Red Cloud Lane,Avellaneda,Marven
743,plancha,416 Crescent Oaks Trail,Lomas,Mathilda
746,silla,5 Dovetail Alley,Quilmes,Jermaine
748,pava,119 Glendale Circle,Avellaneda,Whitman
749,mesa,06998 Hazelcrest Point,Lomas,Fran
750,sillon,1 Bonner Alley,Quilmes,Perceval
751,secarropas,82039 Amoth Drive,Quilmes,Orton
752,cocina,366 Talisman Circle,Quilmes,Gerardo
757,lavarropas,1 Arkansas Plaza,Avellaneda,Donnamarie
760,mesa,200 Southridge Drive,Quilmes,Ludwig
761,silla,1968 Rusk Drive,Quilmes,Valerye
764,televisor,44 Rutledge Trail,Avellaneda,Thorstein
765,pava,92 Pond Center,Lomas,Babbie
767,aire acondicionado,59 Transport Way,Quilmes,Barbabra
771,aire acondicionado,1 Sheridan Plaza,Lomas,Laverna
772,lavarropas,66 Namekagon Street,Lomas,Bron
774,cocina,55 6th Junction,Quilmes,Caro
776,silla,54 Northwestern Place,Lomas,Conney
779,televisor,6 Grover Way,Avellaneda,Nicholas
780,secarropas,9910 Sunbrook Park,Avellaneda,Christi
782,lavarropas,8865 Rigney Center,Avellaneda,Wiatt
784,lavarropas,9 Lindbergh Plaza,Quilmes,Milicent
785,silla,9062 Independence Plaza,Quilmes,Tatiania
786,pava,8040 Arizona Hill,Quilmes,Annmaria
787,cocina,80 Reinke Hill,Lomas,Audre
788,aire acondicionado,87235 Straubel Parkway,Avellaneda,Irma
790,pava,0266 Carey Pass,Lomas,Jessie
793,silla,415 7th Place,Quilmes,Roseanne
794,lavarropas,724 Bayside Point,Quilmes,Marcile
798,pava,16897 Carey Pass,Lomas,Idalina
799,cocina,4 Tomscot Place,Quilmes,Freddy
801,aire acondicionado,5048 Thackeray Junction,Quilmes,Cyrus
803,secarropas,92 Tomscot Trail,Avellaneda,Cory
804,plancha,135 Hauk Parkway,Avellaneda,Latrena
806,pava,30 Arkansas Drive,Avellaneda,Abey
807,secarropas,852 Utah Point,Avellaneda,Gil
808,lavarropas,4 Sheridan Alley,Quilmes,Vincent
810,mesa,3 Union Parkway,Quilmes,Adrea
812,plancha,956 Towne Alley,Avellaneda,Huey
815,aire acondicionado,578 Mesta Place,Quilmes,Fred
817,televisor,7316 Golden Leaf Plaza,Quilmes,Rozalin
818,secarropas,1 Lukken Terrace,Quilmes,Yardley
819,aire acondicionado,9767 Shoshone Court,Avellaneda,Rabbi
822,silla,88811 Hudson Circle,Avellaneda,Elladine
823,silla,5 Ruskin Junction,Quilmes,Gayler
824,cocina,4 Nova Circle,Avellaneda,Maiga
826,secarropas,6 Moulton Lane,Lomas,Hieronymus
829,secarropas,472 South Lane,Avellaneda,Clemmie
830,pava,4445 Anderson Center,Lomas,Jorie
831,plancha,2988 Main Terrace,Avellaneda,Amery
832,mesa,74 Myrtle Pass,Lomas,Katy
833,mesa,47604 Charing Cross Court,Quilmes,Valery
835,secarropas,713 Oak Circle,Lomas,Clara
838,lavarropas,99 Morningstar Plaza,Lomas,Hillary
839,mesa,3308 Macpherson Center,Avellaneda,Vally
840,televisor,35489 Nobel Park,Lomas,Doe
844,cocina,821 Sutherland Street,Lomas,Parrnell
845,sillon,60478 Daystar Parkway,Avellaneda,Colene
850,pava,908 Meadow Ridge Court,Lomas,Lurette
852,plancha,48 Harbort Parkway,Lomas,Valera
853,cocina,5521 Derek Park,Lomas,Devy
860,silla,3 Havey Drive,Quilmes,Darcey
862,pava,324 Mosinee Crossing,Lomas,Page
864,secarropas,4 Armistice Trail,Quilmes,Lind
869,secarropas,3 Riverside Center,Lomas,Thelma
870,mesa,25 Superior Court,Avellaneda,Barrie
875,silla,44640 Forest Run Way,Avellaneda,Elisa
876,secarropas,73 Ryan Avenue,Quilmes,Penny
881,plancha,087 Nobel Trail,Quilmes,Wendeline
883,silla,79 Hudson Plaza,Lomas,Gabbi
888,secarropas,2 Fordem Plaza,Quilmes,Leeanne
889,lavarropas,3621 Carey Trail,Lomas,Delilah
891,sillon,837 American Ash Circle,Lomas,Maurits
895,lavarropas,2828 Park Meadow Alley,Lomas,Harris
896,lavarropas,995 Reindahl Terrace,Quilmes,Querida
901,sillon,8499 High Crossing Lane,Avellaneda,Ryann
905,silla,8968 Holmberg Parkway,Avellaneda,Jerome
906,mesa,7856 Schiller Avenue,Lomas,Licha
909,televisor,996 Caliangt Way,Avellaneda,Brenden
912,cocina,184 Bartelt Point,Avellaneda,Leeland
916,mesa,187 Evergreen Way,Lomas,Marcello
918,pava,349 Melvin Place,Quilmes,Abby
919,pava,44 Waubesa Plaza,Quilmes,Marys
923,secarropas,8838 Fordem Road,Avellaneda,Morie
924,lavarropas,249 Fair Oaks Crossing,Avellaneda,Corbet
926,mesa,835 Grayhawk Place,Avellaneda,Devlen
927,plancha,9 Monica Pass,Avellaneda,Anson
928,cocina,55310 Lerdahl Street,Lomas,Kalli
929,lavarropas,5918 Novick Way,Avellaneda,Mada
930,cocina,29399 Morningstar Terrace,Lomas,Ruthe
931,silla,1664 Crescent Oaks Trail,Avellaneda,Garnet
932,cocina,17933 Merrick Trail,Quilmes,Stewart
933,pava,86968 Mayfield Place,Lomas,Daron
934,cocina,72 Grasskamp Road,Quilmes,Kala
936,pava,0093 Hooker Lane,Avellaneda,Thatch
938,secarropas,20 John Wall Park,Quilmes,Yank
941,secarropas,941 Sage Pass,Lomas,Wenda
942,mesa,29107 Westerfield Road,Quilmes,Raimondo
943,televisor,9 Heffernan Pass,Avellaneda,Lazaro
944,sillon,6733 Columbus Parkway,Avellaneda,Brana
945,lavarropas,18379 Green Ridge Center,Quilmes,Pammie
947,lavarropas,01440 Burning Wood Terrace,Avellaneda,Hatty
948,silla,08 Anhalt Trail,Quilmes,Amalle
949,cocina,91 Dryden Circle,Lomas,Leeann
950,silla,81 Haas Pass,Avellaneda,Courtney
951,lavarropas,37 Golf View Center,Lomas,Alena
953,sillon,700 Corben Junction,Quilmes,Daniella
955,secarropas,7 Twin Pines Parkway,Avellaneda,Leicester
956,silla,469 Oak Plaza,Lomas,Luella
957,cocina,38 School Place,Lomas,Alfie
959,sillon,08 Bluejay Pass,Quilmes,Nowell
962,secarropas,056 Lien Center,Quilmes,Boris
968,cocina,4524 Petterle Avenue,Avellaneda,Kasper
972,lavarropas,824 Kipling Hill,Lomas,Kai
973,silla,138 Mcguire Avenue,Lomas,Rhona
974,cocina,603 Mayfield Point,Avellaneda,Marv
975,sillon,779 Mariners Cove Crossing,Quilmes,Luther
976,mesa,87189 Colorado Street,Avellaneda,Nanine
978,plancha,7398 John Wall Place,Lomas,Reidar
980,mesa,897 Upham Terrace,Lomas,Jamill
983,aire acondicionado,5548 Meadow Valley Lane,Quilmes,Selby
984,aire acondicionado,1 Harper Hill,Quilmes,Sax
985,aire acondicionado,16046 David Crossing,Avellaneda,Max
987,pava,261 Sherman Street,Avellaneda,Madalena
988,sillon,21534 Veith Lane,Quilmes,Alain
989,mesa,8937 Burrows Way,Quilmes,Moss
990,plancha,75 Golf Course Trail,Avellaneda,Bryce
991,plancha,4 Nancy Point,Lomas,Enriqueta
993,aire acondicionado,41727 Oriole Road,Avellaneda,Brett
994,aire acondicionado,1447 Village Green Lane,Lomas,Winne
995,plancha,201 3rd Crossing,Avellaneda,Armstrong
997,aire acondicionado,1 Crownhardt Junction,Avellaneda,Zandra
999,televisor,730 2nd Drive,Avellaneda,Shellie
